name,datetime,tempmax,tempmin,temp,feelslike,precip
"Madrid, Comunidad de Madrid, España",2018-02-08,5.9,-2.7,2,0,0
"Madrid, Comunidad de Madrid, España",2018-02-09,8.4,-3.3,2.7,2.4,0.002
"Madrid, Comunidad de Madrid, España",2018-02-10,9.6,2.5,5.8,4,0
"Madrid, Comunidad de Madrid, España",2018-02-11,14.2,0.8,7.7,7.5,0
"Madrid, Comunidad de Madrid, España",2018-02-12,11,1.5,7.7,6.5,0.267
"Madrid, Comunidad de Madrid, España",2018-02-13,9.1,-2.4,4.3,2.4,0
"Madrid, Comunidad de Madrid, España",2018-02-14,9.7,6.1,8,5.8,0
"Madrid, Comunidad de Madrid, España",2018-02-15,11,4.8,8.6,8.2,0
"Madrid, Comunidad de Madrid, España",2018-02-16,14.7,6.8,10,9.5,0
"Madrid, Comunidad de Madrid, España",2018-02-17,13.6,6.6,9.6,9.3,0.003
"Madrid, Comunidad de Madrid, España",2018-02-18,13.2,2.5,8.1,7.1,0
"Madrid, Comunidad de Madrid, España",2018-02-19,15.1,7,10.7,10.5,0
"Madrid, Comunidad de Madrid, España",2018-02-20,14.5,7.5,10.6,10.2,0
"Madrid, Comunidad de Madrid, España",2018-02-21,10.8,4,7.9,5.9,0
"Madrid, Comunidad de Madrid, España",2018-02-22,10.6,-1.7,4.6,3.3,0
"Madrid, Comunidad de Madrid, España",2018-02-23,10.6,-1,4.1,3.3,0
"Madrid, Comunidad de Madrid, España",2018-02-24,11.5,-3.1,4.7,4.4,0
"Madrid, Comunidad de Madrid, España",2018-02-25,13.8,-2.4,6.5,6.2,0
"Madrid, Comunidad de Madrid, España",2018-02-26,16.1,-1,8.6,8.4,0
"Madrid, Comunidad de Madrid, España",2018-02-27,7.6,2.1,3.8,2,7.17
"Madrid, Comunidad de Madrid, España",2018-02-28,12,3.3,8,7.3,41.007
"Madrid, Comunidad de Madrid, España",2018-03-01,11.3,6.1,9,7.2,25.636
"Madrid, Comunidad de Madrid, España",2018-03-02,8,4.5,5.9,4.2,11.592
"Madrid, Comunidad de Madrid, España",2018-03-03,12.6,6,8.8,7.1,9.578
"Madrid, Comunidad de Madrid, España",2018-03-04,12.7,5.6,9.1,8.1,11.646
"Madrid, Comunidad de Madrid, España",2018-03-05,8,6,7,4.6,5.297
"Madrid, Comunidad de Madrid, España",2018-03-06,10.1,4.5,6.8,4.7,1.054
"Madrid, Comunidad de Madrid, España",2018-03-07,11,3,7.1,5.8,0
"Madrid, Comunidad de Madrid, España",2018-03-08,11.1,5,8,7.5,2.266
"Madrid, Comunidad de Madrid, España",2018-03-09,11.6,9.6,10.6,10.6,9.532
"Madrid, Comunidad de Madrid, España",2018-03-10,11.7,8.1,10.6,10.3,24.224
"Madrid, Comunidad de Madrid, España",2018-03-11,9.6,6.1,7.9,5.1,3.654
"Madrid, Comunidad de Madrid, España",2018-03-12,12.6,7,9.2,7.6,0.142
"Madrid, Comunidad de Madrid, España",2018-03-13,14.1,6.8,9.8,9.2,1.705
"Madrid, Comunidad de Madrid, España",2018-03-14,13,6.3,9.4,8.8,26.443
"Madrid, Comunidad de Madrid, España",2018-03-15,11.5,6.6,8.2,6.2,5.393
"Madrid, Comunidad de Madrid, España",2018-03-16,11.1,5,7.2,5,0.772
"Madrid, Comunidad de Madrid, España",2018-03-17,9.7,2.4,5.7,3.2,7.661
"Madrid, Comunidad de Madrid, España",2018-03-18,13,3.7,7.7,6.4,0
"Madrid, Comunidad de Madrid, España",2018-03-19,8.3,3.5,5.5,2.4,4.464
"Madrid, Comunidad de Madrid, España",2018-03-20,9.5,2.1,5,1.6,0.15
"Madrid, Comunidad de Madrid, España",2018-03-21,11.5,1.1,6,3.6,0
"Madrid, Comunidad de Madrid, España",2018-03-22,13.2,-1.9,5.5,4.5,0
"Madrid, Comunidad de Madrid, España",2018-03-23,13.5,1.9,8.3,7.1,0.835
"Madrid, Comunidad de Madrid, España",2018-03-24,11.2,4.1,7.7,5.2,4.152
"Madrid, Comunidad de Madrid, España",2018-03-25,12.6,5.5,8.6,7.3,0.002
"Madrid, Comunidad de Madrid, España",2018-03-26,15.2,4.1,9.6,9.2,0
"Madrid, Comunidad de Madrid, España",2018-03-27,20.7,5.6,13.5,13.3,0
"Madrid, Comunidad de Madrid, España",2018-03-28,21,6.2,14.8,14.7,0
"Madrid, Comunidad de Madrid, España",2018-03-29,15.1,9.6,12.1,11.7,0
"Madrid, Comunidad de Madrid, España",2018-03-30,11.1,5.1,8.1,5.8,0.504
"Madrid, Comunidad de Madrid, España",2018-03-31,14,3.6,8.1,6.3,1.97
"Madrid, Comunidad de Madrid, España",2018-04-01,17.5,3.4,10.8,10.5,0
"Madrid, Comunidad de Madrid, España",2018-04-02,19.1,8.6,13.8,13.7,0
"Madrid, Comunidad de Madrid, España",2018-04-03,15.6,9.6,12.5,12.4,5.351
"Madrid, Comunidad de Madrid, España",2018-04-04,15.1,7.6,10.9,9.6,0.003
"Madrid, Comunidad de Madrid, España",2018-04-05,18.1,5.1,12,11.7,0
"Madrid, Comunidad de Madrid, España",2018-04-06,16.5,7.5,12.7,12.5,3.125
"Madrid, Comunidad de Madrid, España",2018-04-07,13,7.6,9.2,8.6,1.923
"Madrid, Comunidad de Madrid, España",2018-04-08,13.5,5.1,9.3,9,0.734
"Madrid, Comunidad de Madrid, España",2018-04-09,9.6,3.8,6,3.3,4.111
"Madrid, Comunidad de Madrid, España",2018-04-10,7.4,3.2,5.9,3.3,23.422
"Madrid, Comunidad de Madrid, España",2018-04-11,10.3,2.9,6.3,3.8,0.874
"Madrid, Comunidad de Madrid, España",2018-04-12,11.5,4.7,8.1,6.5,4.978
"Madrid, Comunidad de Madrid, España",2018-04-13,13.9,5.5,8.9,8.2,7.414
"Madrid, Comunidad de Madrid, España",2018-04-14,17.5,4.4,11,10.8,0.096
"Madrid, Comunidad de Madrid, España",2018-04-15,17.1,6.7,12.8,12.8,0.753
"Madrid, Comunidad de Madrid, España",2018-04-16,17.2,7.5,12.1,11.6,13.71
"Madrid, Comunidad de Madrid, España",2018-04-17,21.5,6.7,14.1,14.1,1.896
"Madrid, Comunidad de Madrid, España",2018-04-18,25,9,17.8,17.7,0
"Madrid, Comunidad de Madrid, España",2018-04-19,23.5,10.3,18,18,0
"Madrid, Comunidad de Madrid, España",2018-04-20,21.1,12.5,16.8,16.8,0
"Madrid, Comunidad de Madrid, España",2018-04-21,19.6,10.3,15.3,15.3,0
"Madrid, Comunidad de Madrid, España",2018-04-22,23.1,10.6,17.8,17.8,0
"Madrid, Comunidad de Madrid, España",2018-04-23,24.1,12.6,18.7,18.7,0.047
"Madrid, Comunidad de Madrid, España",2018-04-24,26,12.6,20,20,0
"Madrid, Comunidad de Madrid, España",2018-04-25,28.5,11.9,20.8,20.6,0
"Madrid, Comunidad de Madrid, España",2018-04-26,26.1,11.8,19.9,19.9,0
"Madrid, Comunidad de Madrid, España",2018-04-27,24.1,13.5,19.4,19.4,0
"Madrid, Comunidad de Madrid, España",2018-04-28,18.1,11,14.2,14.2,0
"Madrid, Comunidad de Madrid, España",2018-04-29,12.6,4.5,8.7,7.1,6.811
"Madrid, Comunidad de Madrid, España",2018-04-30,11.1,4.1,7.6,6.9,3.383
"Madrid, Comunidad de Madrid, España",2018-05-01,15.6,3.4,9.9,9.3,0
"Madrid, Comunidad de Madrid, España",2018-05-02,17.6,4,11.9,11.8,0
"Madrid, Comunidad de Madrid, España",2018-05-03,19,7.7,13.9,13.9,0
"Madrid, Comunidad de Madrid, España",2018-05-04,21,6.8,14,13.6,0
"Madrid, Comunidad de Madrid, España",2018-05-05,24,9.3,16.8,16.7,0
"Madrid, Comunidad de Madrid, España",2018-05-06,23.7,12.7,18.1,18.1,1.712
"Madrid, Comunidad de Madrid, España",2018-05-07,22.7,11.9,16.7,16.7,12.146
"Madrid, Comunidad de Madrid, España",2018-05-08,24.7,11.6,17.9,17.9,0.81
"Madrid, Comunidad de Madrid, España",2018-05-09,25.2,12.1,19.2,19.2,0
"Madrid, Comunidad de Madrid, España",2018-05-10,23.7,14,19.2,19.2,0
"Madrid, Comunidad de Madrid, España",2018-05-11,24.5,11.2,18.9,18.9,0
"Madrid, Comunidad de Madrid, España",2018-05-12,19,12.8,16.3,16.3,0
"Madrid, Comunidad de Madrid, España",2018-05-13,17.6,5.9,12.4,12.2,0
"Madrid, Comunidad de Madrid, España",2018-05-14,18.7,10.6,14.5,14.5,0
"Madrid, Comunidad de Madrid, España",2018-05-15,23.5,7.8,15.9,15.9,0
"Madrid, Comunidad de Madrid, España",2018-05-16,24.7,10.9,18.3,18.3,0
"Madrid, Comunidad de Madrid, España",2018-05-17,24.6,13.9,19.5,19.5,1.162
"Madrid, Comunidad de Madrid, España",2018-05-18,22.5,13.6,16.9,16.9,0.526
"Madrid, Comunidad de Madrid, España",2018-05-19,25.4,11.6,18.4,18.4,0.083
"Madrid, Comunidad de Madrid, España",2018-05-20,22.5,13.6,17.9,17.9,0.096
"Madrid, Comunidad de Madrid, España",2018-05-21,23.2,12.3,17.9,17.9,7.52
"Madrid, Comunidad de Madrid, España",2018-05-22,22.9,12,17.5,17.5,0.102
"Madrid, Comunidad de Madrid, España",2018-05-23,26.2,13.8,20,20,0.755
"Madrid, Comunidad de Madrid, España",2018-05-24,27.6,14.1,20,20,0.179
"Madrid, Comunidad de Madrid, España",2018-05-25,19.4,12.2,14.7,14.7,45.814
"Madrid, Comunidad de Madrid, España",2018-05-26,21.2,11.5,15.7,15.7,0.244
"Madrid, Comunidad de Madrid, España",2018-05-27,24.8,11.4,18,18,0.002
"Madrid, Comunidad de Madrid, España",2018-05-28,19.3,13.7,15.4,15.4,30.451
"Madrid, Comunidad de Madrid, España",2018-05-29,19.6,13,14.6,14.6,1.883
"Madrid, Comunidad de Madrid, España",2018-05-30,18.2,11.2,14.5,14.5,0.553
"Madrid, Comunidad de Madrid, España",2018-05-31,22.7,12.7,17.4,17.4,0.001
"Madrid, Comunidad de Madrid, España",2018-06-01,23.3,12.7,18.2,18.2,0.948
"Madrid, Comunidad de Madrid, España",2018-06-02,22.6,13.2,16.6,16.6,14.277
"Madrid, Comunidad de Madrid, España",2018-06-03,23.3,11.6,17.3,17.3,0.083
"Madrid, Comunidad de Madrid, España",2018-06-04,19.5,12.1,16.1,16.1,0.157
"Madrid, Comunidad de Madrid, España",2018-06-05,18.2,12,15.1,15.1,0
"Madrid, Comunidad de Madrid, España",2018-06-06,18.8,10.2,14.5,14.5,9.504
"Madrid, Comunidad de Madrid, España",2018-06-07,23.2,11.2,17.5,17.5,0
"Madrid, Comunidad de Madrid, España",2018-06-08,18.1,14.6,16.2,16.2,8.318
"Madrid, Comunidad de Madrid, España",2018-06-09,20.6,11.6,15.8,15.8,0.002
"Madrid, Comunidad de Madrid, España",2018-06-10,18.9,10.5,15.1,15.1,0.05
"Madrid, Comunidad de Madrid, España",2018-06-11,20.6,12.5,16.2,16.2,0.012
