datetime,temp,feelslike,precip
2018-05-01T00:00:00,7.6,5.2,0
2018-05-01T01:00:00,7.4,6.7,0
2018-05-01T02:00:00,6.4,6.4,0
2018-05-01T03:00:00,6,6,0
2018-05-01T04:00:00,6,6,0
2018-05-01T05:00:00,3.4,1.7,0
2018-05-01T06:00:00,6.5,5.7,0
2018-05-01T07:00:00,5.6,3.8,0
2018-05-01T08:00:00,6.1,4.9,0
2018-05-01T09:00:00,7.2,5.7,0
2018-05-01T10:00:00,8.2,7.4,0
2018-05-01T11:00:00,9.8,8.5,0
2018-05-01T12:00:00,12,12,0
2018-05-01T13:00:00,11.7,11.7,0
2018-05-01T14:00:00,12.2,12.2,0
2018-05-01T15:00:00,13.2,13.2,0
2018-05-01T16:00:00,14.7,14.7,0
2018-05-01T17:00:00,14.6,14.6,0
2018-05-01T18:00:00,15.6,15.6,0
2018-05-01T19:00:00,15.5,15.5,0
2018-05-01T20:00:00,14.1,14.1,0
2018-05-01T21:00:00,12.5,12.5,0
2018-05-01T22:00:00,11.9,11.9,0
2018-05-01T23:00:00,9.6,7.8,0
2018-05-02T00:00:00,9.4,8.8,0
2018-05-02T01:00:00,8.5,8.5,0
2018-05-02T02:00:00,8,8,0
2018-05-02T03:00:00,7.4,7.4,0
2018-05-02T04:00:00,7,6.1,0
2018-05-02T05:00:00,4,2.4,0
2018-05-02T06:00:00,7,7,0
2018-05-02T07:00:00,7,7,0
2018-05-02T08:00:00,6.9,6.9,0
2018-05-02T09:00:00,8.2,8.2,0
2018-05-02T10:00:00,10.6,10.6,0
2018-05-02T11:00:00,12.5,12.5,0
2018-05-02T12:00:00,14.6,14.6,0
2018-05-02T13:00:00,16.1,16.1,0
2018-05-02T14:00:00,16,16,0
2018-05-02T15:00:00,16.6,16.6,0
2018-05-02T16:00:00,17.6,17.6,0
2018-05-02T17:00:00,16.6,16.6,0
2018-05-02T18:00:00,17.1,17.1,0
2018-05-02T19:00:00,17.1,17.1,0
2018-05-02T20:00:00,15.6,15.6,0
2018-05-02T21:00:00,15,15,0
2018-05-02T22:00:00,13.6,13.6,0
2018-05-02T23:00:00,13.2,13.2,0
2018-05-03T00:00:00,12.4,12.4,0
2018-05-03T01:00:00,11.9,11.9,0
2018-05-03T02:00:00,11.1,11.1,0
2018-05-03T03:00:00,11.6,11.6,0
2018-05-03T04:00:00,10.4,10.4,0
2018-05-03T05:00:00,7.7,7.7,0
2018-05-03T06:00:00,9.9,9.6,0
2018-05-03T07:00:00,10,10,0
2018-05-03T08:00:00,10.5,10.5,0
2018-05-03T09:00:00,12,12,0
2018-05-03T10:00:00,13.7,13.7,0
2018-05-03T11:00:00,14.3,14.3,0
2018-05-03T12:00:00,15.6,15.6,0
2018-05-03T13:00:00,17.1,17.1,0
2018-05-03T14:00:00,17.1,17.1,0
2018-05-03T15:00:00,17.2,17.2,0
2018-05-03T16:00:00,19,19,0
2018-05-03T17:00:00,18.9,18.9,0
2018-05-03T18:00:00,18.6,18.6,0
2018-05-03T19:00:00,17.5,17.5,0
2018-05-03T20:00:00,16.5,16.5,0
2018-05-03T21:00:00,14.9,14.9,0
2018-05-03T22:00:00,13.5,13.5,0
2018-05-03T23:00:00,11.8,11.8,0
2018-05-04T00:00:00,11.1,11.1,0
2018-05-04T01:00:00,10.6,10.6,0
2018-05-04T02:00:00,10.1,10.1,0
2018-05-04T03:00:00,9.4,8.2,0
2018-05-04T04:00:00,8.6,7.2,0
2018-05-04T05:00:00,6.8,4.9,0
2018-05-04T06:00:00,8,7,0
2018-05-04T07:00:00,7.5,6.8,0
2018-05-04T08:00:00,7.9,6.2,0
2018-05-04T09:00:00,9.1,7.2,0
2018-05-04T10:00:00,11.1,11.1,0
2018-05-04T11:00:00,12.7,12.7,0
2018-05-04T12:00:00,15.6,15.6,0
2018-05-04T13:00:00,17,17,0
2018-05-04T14:00:00,18,18,0
2018-05-04T15:00:00,19.9,19.9,0
2018-05-04T16:00:00,21,21,0
2018-05-04T17:00:00,19.4,19.4,0
2018-05-04T18:00:00,20.5,20.5,0
2018-05-04T19:00:00,20.1,20.1,0
2018-05-04T20:00:00,19.6,19.6,0
2018-05-04T21:00:00,18.6,18.6,0
2018-05-04T22:00:00,17.6,17.6,0
2018-05-04T23:00:00,15.1,15.1,0
2018-05-05T00:00:00,15,15,0
2018-05-05T01:00:00,13.5,13.5,0
2018-05-05T02:00:00,12.1,12.1,0
2018-05-05T03:00:00,11.6,11.6,0
2018-05-05T04:00:00,11.1,11.1,0
2018-05-05T05:00:00,9.3,8,0
2018-05-05T06:00:00,10.5,10.5,0
2018-05-05T07:00:00,10,10,0
2018-05-05T08:00:00,10,10,0
2018-05-05T09:00:00,11.1,11.1,0
2018-05-05T10:00:00,13.1,13.1,0
2018-05-05T11:00:00,15.7,15.7,0
2018-05-05T12:00:00,18.2,18.2,0
2018-05-05T13:00:00,20.5,20.5,0
2018-05-05T14:00:00,21.6,21.6,0
2018-05-05T15:00:00,23.1,23.1,0
2018-05-05T16:00:00,24,24,0
2018-05-05T17:00:00,23.3,23.3,0
2018-05-05T18:00:00,23.7,23.7,0
2018-05-05T19:00:00,23.2,23.2,0
2018-05-05T20:00:00,22.6,22.6,0
2018-05-05T21:00:00,22,22,0
2018-05-05T22:00:00,20.9,20.9,0
2018-05-05T23:00:00,16.6,16.6,0
2018-05-06T00:00:00,15.6,15.6,0.008
2018-05-06T01:00:00,15.1,15.1,0
2018-05-06T02:00:00,15.1,15.1,0
2018-05-06T03:00:00,15.1,15.1,0
2018-05-06T04:00:00,14.6,14.6,0
2018-05-06T05:00:00,12.7,12.7,0
2018-05-06T06:00:00,13.5,13.5,0
2018-05-06T07:00:00,13.4,13.4,0
2018-05-06T08:00:00,13.6,13.6,0
2018-05-06T09:00:00,14.7,14.7,0
2018-05-06T10:00:00,16.2,16.2,0
2018-05-06T11:00:00,17.7,17.7,0
2018-05-06T12:00:00,20.1,20.1,0
2018-05-06T13:00:00,21.9,21.9,0
2018-05-06T14:00:00,22.6,22.6,0
2018-05-06T15:00:00,23.1,23.1,0
2018-05-06T16:00:00,22.7,22.7,0
2018-05-06T17:00:00,23.4,23.4,0
2018-05-06T18:00:00,23.7,23.7,0
2018-05-06T19:00:00,23.2,23.2,0
2018-05-06T20:00:00,22.5,22.5,0
2018-05-06T21:00:00,20.6,20.6,0
2018-05-06T22:00:00,18.6,18.6,0
2018-05-06T23:00:00,15.1,15.1,1.704
2018-05-07T00:00:00,15,15,1.386
2018-05-07T01:00:00,14.1,14.1,0.004
2018-05-07T02:00:00,14.1,14.1,0.001
2018-05-07T03:00:00,14.1,14.1,0
2018-05-07T04:00:00,14,14,0
2018-05-07T05:00:00,11.9,11.9,0
2018-05-07T06:00:00,13.5,13.5,0
2018-05-07T07:00:00,12.5,12.5,0
2018-05-07T08:00:00,13,13,0.01
2018-05-07T09:00:00,14.6,14.6,0
2018-05-07T10:00:00,15.6,15.6,0
2018-05-07T11:00:00,15.8,15.8,0
2018-05-07T12:00:00,17,17,0
2018-05-07T13:00:00,17.6,17.6,0
2018-05-07T14:00:00,19.6,19.6,0.095
2018-05-07T15:00:00,22,22,0
2018-05-07T16:00:00,22.1,22.1,0
2018-05-07T17:00:00,22.5,22.5,0
2018-05-07T18:00:00,22.7,22.7,0
2018-05-07T19:00:00,22.6,22.6,0
2018-05-07T20:00:00,22,22,0.004
2018-05-07T21:00:00,14.8,14.8,2.184
2018-05-07T22:00:00,14.7,14.7,8.286
2018-05-07T23:00:00,16.1,16.1,0.176
2018-05-08T00:00:00,15.1,15.1,0.001
2018-05-08T01:00:00,14.6,14.6,0.1
2018-05-08T02:00:00,14.1,14.1,0
2018-05-08T03:00:00,14.1,14.1,0
2018-05-08T04:00:00,13.6,13.6,0.004
2018-05-08T05:00:00,11.6,11.6,0
2018-05-08T06:00:00,13,13,0
2018-05-08T07:00:00,12.9,12.9,0
2018-05-08T08:00:00,12.6,12.6,0.004
2018-05-08T09:00:00,14,14,0
2018-05-08T10:00:00,15.1,15.1,0
2018-05-08T11:00:00,18.7,18.7,0
2018-05-08T12:00:00,21,21,0
2018-05-08T13:00:00,23,23,0
2018-05-08T14:00:00,23.7,23.7,0
2018-05-08T15:00:00,24.7,24.7,0
2018-05-08T16:00:00,24.2,24.2,0
2018-05-08T17:00:00,23.1,23.1,0
2018-05-08T18:00:00,23.1,23.1,0
2018-05-08T19:00:00,22.1,22.1,0
2018-05-08T20:00:00,21.7,21.7,0.095
2018-05-08T21:00:00,19.1,19.1,0.095
2018-05-08T22:00:00,17.6,17.6,0
2018-05-08T23:00:00,15.9,15.9,0.511
2018-05-09T00:00:00,16.1,16.1,0
2018-05-09T01:00:00,16.9,16.9,0
2018-05-09T02:00:00,16.5,16.5,0
2018-05-09T03:00:00,15.6,15.6,0
2018-05-09T04:00:00,15,15,0
2018-05-09T05:00:00,12.1,12.1,0
2018-05-09T06:00:00,14,14,0
2018-05-09T07:00:00,13.5,13.5,0
2018-05-09T08:00:00,13.5,13.5,0
2018-05-09T09:00:00,14.5,14.5,0
2018-05-09T10:00:00,16.7,16.7,0
2018-05-09T11:00:00,18.8,18.8,0
2018-05-09T12:00:00,20.7,20.7,0
2018-05-09T13:00:00,22.2,22.2,0
2018-05-09T14:00:00,24,24,0
2018-05-09T15:00:00,24.6,24.6,0
2018-05-09T16:00:00,24.7,24.7,0
2018-05-09T17:00:00,24.4,24.4,0
2018-05-09T18:00:00,24.1,24.1,0
2018-05-09T19:00:00,25.2,25.2,0
2018-05-09T20:00:00,23.6,23.6,0
2018-05-09T21:00:00,22.5,22.5,0
2018-05-09T22:00:00,21.1,21.1,0
2018-05-09T23:00:00,19.9,19.9,0
2018-05-10T00:00:00,19.6,19.6,0
2018-05-10T01:00:00,19.4,19.4,0
2018-05-10T02:00:00,18.6,18.6,0
2018-05-10T03:00:00,18.5,18.5,0
2018-05-10T04:00:00,17.6,17.6,0
2018-05-10T05:00:00,14.8,14.8,0
2018-05-10T06:00:00,15.1,15.1,0
2018-05-10T07:00:00,14.1,14.1,0
2018-05-10T08:00:00,14,14,0
2018-05-10T09:00:00,14.6,14.6,0
2018-05-10T10:00:00,15.5,15.5,0
2018-05-10T11:00:00,17.3,17.3,0
2018-05-10T12:00:00,19.1,19.1,0
2018-05-10T13:00:00,20.5,20.5,0
2018-05-10T14:00:00,22.6,22.6,0
2018-05-10T15:00:00,23.1,23.1,0
2018-05-10T16:00:00,23.7,23.7,0
2018-05-10T17:00:00,23.4,23.4,0
2018-05-10T18:00:00,23.2,23.2,0
2018-05-10T19:00:00,23.6,23.6,0
2018-05-10T20:00:00,22.7,22.7,0
2018-05-10T21:00:00,21.5,21.5,0
2018-05-10T22:00:00,20,20,0
2018-05-10T23:00:00,18,18,0
2018-05-11T00:00:00,18.5,18.5,0
2018-05-11T01:00:00,18.5,18.5,0
2018-05-11T02:00:00,16.6,16.6,0
2018-05-11T03:00:00,16,16,0
2018-05-11T04:00:00,15.4,15.4,0
2018-05-11T05:00:00,11.2,11.2,0
2018-05-11T06:00:00,14.1,14.1,0
2018-05-11T07:00:00,13.6,13.6,0
2018-05-11T08:00:00,13.5,13.5,0
2018-05-11T09:00:00,14.6,14.6,0
2018-05-11T10:00:00,16.1,16.1,0
2018-05-11T11:00:00,18.4,18.4,0
2018-05-11T12:00:00,19.6,19.6,0
2018-05-11T13:00:00,21.2,21.2,0
2018-05-11T14:00:00,22.6,22.6,0
2018-05-11T15:00:00,22.7,22.7,0
2018-05-11T16:00:00,24.5,24.5,0
2018-05-11T17:00:00,23.7,23.7,0
2018-05-11T18:00:00,23.7,23.7,0
2018-05-11T19:00:00,23.7,23.7,0
2018-05-11T20:00:00,22.6,22.6,0
2018-05-11T21:00:00,21.6,21.6,0
2018-05-11T22:00:00,20.1,20.1,0
2018-05-11T23:00:00,20,20,0
2018-05-12T00:00:00,18.6,18.6,0
2018-05-12T01:00:00,18.1,18.1,0
2018-05-12T02:00:00,17.5,17.5,0
2018-05-12T03:00:00,16.6,16.6,0
2018-05-12T04:00:00,16.1,16.1,0
2018-05-12T05:00:00,15.9,15.9,0
2018-05-12T06:00:00,15,15,0
2018-05-12T07:00:00,14.1,14.1,0
2018-05-12T08:00:00,13.6,13.6,0
2018-05-12T09:00:00,14.2,14.2,0
2018-05-12T10:00:00,15.7,15.7,0
2018-05-12T11:00:00,17,17,0
2018-05-12T12:00:00,17.3,17.3,0
2018-05-12T13:00:00,18.6,18.6,0
2018-05-12T14:00:00,19,19,0
2018-05-12T15:00:00,18.6,18.6,0
2018-05-12T16:00:00,18.6,18.6,0
2018-05-12T17:00:00,17.6,17.6,0
2018-05-12T18:00:00,16.7,16.7,0
2018-05-12T19:00:00,16.2,16.2,0
2018-05-12T20:00:00,15.1,15.1,0
2018-05-12T21:00:00,14.1,14.1,0
2018-05-12T22:00:00,13.6,13.6,0
2018-05-12T23:00:00,12.8,12.8,0
2018-05-13T00:00:00,12.1,12.1,0
2018-05-13T01:00:00,11.4,11.4,0
2018-05-13T02:00:00,10.5,10.5,0
2018-05-13T03:00:00,9.5,9.1,0
2018-05-13T04:00:00,8.9,8.9,0
2018-05-13T05:00:00,5.9,4.7,0
2018-05-13T06:00:00,7,5.7,0
2018-05-13T07:00:00,6.4,5.3,0
2018-05-13T08:00:00,6.5,6.5,0
2018-05-13T09:00:00,8.2,7.2,0
2018-05-13T10:00:00,9.8,9.5,0
2018-05-13T11:00:00,11.6,11.6,0
2018-05-13T12:00:00,13.6,13.6,0
2018-05-13T13:00:00,16,16,0
2018-05-13T14:00:00,15.6,15.6,0
2018-05-13T15:00:00,17.5,17.5,0
2018-05-13T16:00:00,17.6,17.6,0
2018-05-13T17:00:00,16.9,16.9,0
2018-05-13T18:00:00,17.6,17.6,0
2018-05-13T19:00:00,17.2,17.2,0
2018-05-13T20:00:00,16.1,16.1,0
2018-05-13T21:00:00,14.6,14.6,0
2018-05-13T22:00:00,14.1,14.1,0
2018-05-13T23:00:00,13.8,13.8,0
2018-05-14T00:00:00,13.6,13.6,0
2018-05-14T01:00:00,13.1,13.1,0
2018-05-14T02:00:00,12.6,12.6,0
2018-05-14T03:00:00,12.5,12.5,0
2018-05-14T04:00:00,11.5,11.5,0
2018-05-14T05:00:00,11.3,11.3,0
2018-05-14T06:00:00,10.6,10.6,0
2018-05-14T07:00:00,10.6,10.6,0
2018-05-14T08:00:00,10.6,10.6,0
2018-05-14T09:00:00,11,11,0
2018-05-14T10:00:00,12.6,12.6,0
2018-05-14T11:00:00,14.7,14.7,0
2018-05-14T12:00:00,16.5,16.5,0
2018-05-14T13:00:00,16.2,16.2,0
2018-05-14T14:00:00,17.5,17.5,0
2018-05-14T15:00:00,18.2,18.2,0
2018-05-14T16:00:00,17,17,0
2018-05-14T17:00:00,17.4,17.4,0
2018-05-14T18:00:00,18.7,18.7,0
2018-05-14T19:00:00,18.2,18.2,0
2018-05-14T20:00:00,17.4,17.4,0
2018-05-14T21:00:00,15.9,15.9,0
2018-05-14T22:00:00,16.1,16.1,0
2018-05-14T23:00:00,13.9,13.9,0
2018-05-15T00:00:00,14.1,14.1,0
2018-05-15T01:00:00,13.5,13.5,0
2018-05-15T02:00:00,12,12,0
2018-05-15T03:00:00,11,11,0
2018-05-15T04:00:00,10.1,10.1,0
2018-05-15T05:00:00,7.8,7.8,0
2018-05-15T06:00:00,8.9,8.9,0
2018-05-15T07:00:00,8.1,8.1,0
2018-05-15T08:00:00,8.6,8.1,0
2018-05-15T09:00:00,10.1,10.1,0
2018-05-15T10:00:00,12.2,12.2,0
2018-05-15T11:00:00,14.7,14.7,0
2018-05-15T12:00:00,16.7,16.7,0
2018-05-15T13:00:00,19.6,19.6,0
2018-05-15T14:00:00,21,21,0
2018-05-15T15:00:00,21.6,21.6,0
2018-05-15T16:00:00,23.5,23.5,0
2018-05-15T17:00:00,22.6,22.6,0
2018-05-15T18:00:00,23.1,23.1,0
2018-05-15T19:00:00,23,23,0
2018-05-15T20:00:00,22.5,22.5,0
2018-05-15T21:00:00,21,21,0
2018-05-15T22:00:00,19.6,19.6,0
2018-05-15T23:00:00,17.2,17.2,0
2018-05-16T00:00:00,17.1,17.1,0
2018-05-16T01:00:00,15.6,15.6,0
2018-05-16T02:00:00,14.6,14.6,0
2018-05-16T03:00:00,14,14,0
2018-05-16T04:00:00,13.1,13.1,0
2018-05-16T05:00:00,10.9,10.9,0
2018-05-16T06:00:00,12.6,12.6,0
2018-05-16T07:00:00,12,12,0
2018-05-16T08:00:00,12,12,0
2018-05-16T09:00:00,13.1,13.1,0
2018-05-16T10:00:00,15.7,15.7,0
2018-05-16T11:00:00,18.3,18.3,0
2018-05-16T12:00:00,20.6,20.6,0
2018-05-16T13:00:00,21.6,21.6,0
2018-05-16T14:00:00,22.1,22.1,0
2018-05-16T15:00:00,24,24,0
2018-05-16T16:00:00,24.6,24.6,0
2018-05-16T17:00:00,23.8,23.8,0
2018-05-16T18:00:00,24.6,24.6,0
2018-05-16T19:00:00,24.7,24.7,0
2018-05-16T20:00:00,23.2,23.2,0
2018-05-16T21:00:00,22.5,22.5,0
2018-05-16T22:00:00,21,21,0
2018-05-16T23:00:00,18.5,18.5,0
2018-05-17T00:00:00,18.5,18.5,0
2018-05-17T01:00:00,19.1,19.1,0
2018-05-17T02:00:00,18.1,18.1,0
2018-05-17T03:00:00,17.5,17.5,0
2018-05-17T04:00:00,16.6,16.6,0
2018-05-17T05:00:00,13.9,13.9,0
2018-05-17T06:00:00,15.6,15.6,0
2018-05-17T07:00:00,15,15,0
2018-05-17T08:00:00,15,15,0
2018-05-17T09:00:00,16.2,16.2,0
2018-05-17T10:00:00,17.2,17.2,1.137
2018-05-17T11:00:00,16.6,16.6,0
2018-05-17T12:00:00,18.7,18.7,0
2018-05-17T13:00:00,20.7,20.7,0
2018-05-17T14:00:00,22.1,22.1,0
2018-05-17T15:00:00,24.1,24.1,0
2018-05-17T16:00:00,24.6,24.6,0
2018-05-17T17:00:00,24.3,24.3,0
2018-05-17T18:00:00,24.5,24.5,0
2018-05-17T19:00:00,24.2,24.2,0
2018-05-17T20:00:00,23.2,23.2,0
2018-05-17T21:00:00,21.6,21.6,0
2018-05-17T22:00:00,21.1,21.1,0
2018-05-17T23:00:00,18.4,18.4,0.025
2018-05-18T00:00:00,16.6,16.6,0
2018-05-18T01:00:00,16.5,16.5,0
2018-05-18T02:00:00,15.5,15.5,0.001
2018-05-18T03:00:00,15,15,0
2018-05-18T04:00:00,14.6,14.6,0
2018-05-18T05:00:00,13.6,13.6,0
2018-05-18T06:00:00,14.1,14.1,0
2018-05-18T07:00:00,14.1,14.1,0
2018-05-18T08:00:00,14.6,14.6,0
2018-05-18T09:00:00,15.7,15.7,0
2018-05-18T10:00:00,17.1,17.1,0
2018-05-18T11:00:00,18.5,18.5,0
2018-05-18T12:00:00,20.6,20.6,0
2018-05-18T13:00:00,22.5,22.5,0
2018-05-18T14:00:00,21.1,21.1,0.001
2018-05-18T15:00:00,19.6,19.6,0.19
2018-05-18T16:00:00,19,19,0.197
2018-05-18T17:00:00,15.3,15.3,0.117
2018-05-18T18:00:00,17,17,0
2018-05-18T19:00:00,17.6,17.6,0
2018-05-18T20:00:00,18.2,18.2,0.02
2018-05-18T21:00:00,17.6,17.6,0
2018-05-18T22:00:00,17.6,17.6,0
2018-05-18T23:00:00,14.6,14.6,0
2018-05-19T00:00:00,16,16,0
2018-05-19T01:00:00,15.5,15.5,0
2018-05-19T02:00:00,15,15,0
2018-05-19T03:00:00,14.1,14.1,0
2018-05-19T04:00:00,14.4,14.4,0
2018-05-19T05:00:00,11.6,11.6,0
2018-05-19T06:00:00,13.9,13.9,0
2018-05-19T07:00:00,13.9,13.9,0
2018-05-19T08:00:00,14,14,0
2018-05-19T09:00:00,14.9,14.9,0
2018-05-19T10:00:00,17.5,17.5,0
2018-05-19T11:00:00,17.9,17.9,0
2018-05-19T12:00:00,20.2,20.2,0
2018-05-19T13:00:00,21.6,21.6,0
2018-05-19T14:00:00,23.1,23.1,0
2018-05-19T15:00:00,25.4,25.4,0
2018-05-19T16:00:00,22.5,22.5,0
2018-05-19T17:00:00,21.8,21.8,0.083
2018-05-19T18:00:00,23.6,23.6,0
2018-05-19T19:00:00,22.1,22.1,0
2018-05-19T20:00:00,22,22,0
2018-05-19T21:00:00,21.1,21.1,0
2018-05-19T22:00:00,20.5,20.5,0
2018-05-19T23:00:00,18.5,18.5,0
2018-05-20T00:00:00,18.5,18.5,0
2018-05-20T01:00:00,17.1,17.1,0
2018-05-20T02:00:00,17,17,0
2018-05-20T03:00:00,15.1,15.1,0
2018-05-20T04:00:00,14.6,14.6,0
2018-05-20T05:00:00,13.7,13.7,0
2018-05-20T06:00:00,14.1,14.1,0.096
2018-05-20T07:00:00,13.6,13.6,0
2018-05-20T08:00:00,13.6,13.6,0
2018-05-20T09:00:00,15,15,0
2018-05-20T10:00:00,17.1,17.1,0
2018-05-20T11:00:00,18.2,18.2,0
2018-05-20T12:00:00,20.6,20.6,0
2018-05-20T13:00:00,20.6,20.6,0
2018-05-20T14:00:00,19,19,0
2018-05-20T15:00:00,20,20,0
2018-05-20T16:00:00,22.5,22.5,0
2018-05-20T17:00:00,21.1,21.1,0
2018-05-20T18:00:00,21.5,21.5,0
2018-05-20T19:00:00,21.1,21.1,0
2018-05-20T20:00:00,21.1,21.1,0
2018-05-20T21:00:00,20,20,0
2018-05-20T22:00:00,18,18,0
2018-05-20T23:00:00,16.8,16.8,0
2018-05-21T00:00:00,17.4,17.4,0
2018-05-21T01:00:00,17,17,0
2018-05-21T02:00:00,16.4,16.4,0
2018-05-21T03:00:00,16.1,16.1,0
2018-05-21T04:00:00,15.1,15.1,0
2018-05-21T05:00:00,12.3,12.3,0
2018-05-21T06:00:00,14.1,14.1,0
2018-05-21T07:00:00,14.6,14.6,0
2018-05-21T08:00:00,14.6,14.6,0
2018-05-21T09:00:00,15.6,15.6,0
2018-05-21T10:00:00,16.2,16.2,0
2018-05-21T11:00:00,17.1,17.1,0
2018-05-21T12:00:00,19.6,19.6,0
2018-05-21T13:00:00,21.1,21.1,0
2018-05-21T14:00:00,22,22,0
2018-05-21T15:00:00,21.2,21.2,0
2018-05-21T16:00:00,22.3,22.3,0
2018-05-21T17:00:00,22.2,22.2,0
2018-05-21T18:00:00,23.2,23.2,0
2018-05-21T19:00:00,21.7,21.7,0
2018-05-21T20:00:00,22.1,22.1,0.05
2018-05-21T21:00:00,17.7,17.7,2.18
2018-05-21T22:00:00,15.3,15.3,2.566
2018-05-21T23:00:00,14.9,14.9,2.724
2018-05-22T00:00:00,14.7,14.7,0
2018-05-22T01:00:00,14.7,14.7,0
2018-05-22T02:00:00,14.6,14.6,0.007
2018-05-22T03:00:00,14,14,0
2018-05-22T04:00:00,14.1,14.1,0
2018-05-22T05:00:00,12,12,0
2018-05-22T06:00:00,13.5,13.5,0
2018-05-22T07:00:00,13.1,13.1,0
2018-05-22T08:00:00,13.1,13.1,0
2018-05-22T09:00:00,14.2,14.2,0
2018-05-22T10:00:00,16.6,16.6,0
2018-05-22T11:00:00,18.2,18.2,0
2018-05-22T12:00:00,20.2,20.2,0
2018-05-22T13:00:00,21.7,21.7,0
2018-05-22T14:00:00,22.7,22.7,0
2018-05-22T15:00:00,22.9,22.9,0
2018-05-22T16:00:00,19.6,19.6,0
2018-05-22T17:00:00,20.1,20.1,0
2018-05-22T18:00:00,20.1,20.1,0
2018-05-22T19:00:00,20.6,20.6,0
2018-05-22T20:00:00,20.7,20.7,0.095
2018-05-22T21:00:00,20.5,20.5,0
2018-05-22T22:00:00,19.6,19.6,0
2018-05-22T23:00:00,17.9,17.9,0
2018-05-23T00:00:00,17.5,17.5,0
2018-05-23T01:00:00,16.6,16.6,0
2018-05-23T02:00:00,17,17,0
2018-05-23T03:00:00,17.4,17.4,0
2018-05-23T04:00:00,16.5,16.5,0
2018-05-23T05:00:00,13.8,13.8,0
2018-05-23T06:00:00,15.9,15.9,0
2018-05-23T07:00:00,15.5,15.5,0
2018-05-23T08:00:00,15.9,15.9,0
2018-05-23T09:00:00,17,17,0
2018-05-23T10:00:00,19.6,19.6,0
2018-05-23T11:00:00,20.7,20.7,0
2018-05-23T12:00:00,22.6,22.6,0
2018-05-23T13:00:00,24.2,24.2,0
2018-05-23T14:00:00,25.2,25.2,0
2018-05-23T15:00:00,25.2,25.2,0
2018-05-23T16:00:00,25.7,25.7,0
2018-05-23T17:00:00,26.2,26.2,0
2018-05-23T18:00:00,26.2,26.2,0
2018-05-23T19:00:00,25.7,25.7,0
2018-05-23T20:00:00,21.4,21.4,0
2018-05-23T21:00:00,18.2,18.2,0.073
2018-05-23T22:00:00,17.5,17.5,0
2018-05-23T23:00:00,17.5,17.5,0.682
2018-05-24T00:00:00,15.2,15.2,0
2018-05-24T01:00:00,14.8,14.8,0
2018-05-24T02:00:00,16.4,16.4,0
2018-05-24T03:00:00,14.8,14.8,0.089
2018-05-24T04:00:00,15,15,0
2018-05-24T05:00:00,14.1,14.1,0
2018-05-24T06:00:00,14.1,14.1,0.012
2018-05-24T07:00:00,14.5,14.5,0
2018-05-24T08:00:00,15.5,15.5,0
2018-05-24T09:00:00,18.5,18.5,0
2018-05-24T10:00:00,19.5,19.5,0
2018-05-24T11:00:00,20.8,20.8,0
2018-05-24T12:00:00,21,21,0
2018-05-24T13:00:00,21.6,21.6,0.073
2018-05-24T14:00:00,21.9,21.9,0
2018-05-24T15:00:00,23.1,23.1,0
2018-05-24T16:00:00,25.9,25.9,0.001
2018-05-24T17:00:00,26.7,26.3,0
2018-05-24T18:00:00,27.6,26.4,0
2018-05-24T19:00:00,26.5,26.5,0
2018-05-24T20:00:00,25.6,25.6,0
2018-05-24T21:00:00,24,24,0
2018-05-24T22:00:00,22.1,22.1,0.004
2018-05-24T23:00:00,21.9,21.9,0
2018-05-25T00:00:00,18.6,18.6,0
2018-05-25T01:00:00,16.6,16.6,0.008
2018-05-25T02:00:00,15.2,15.2,0.385
2018-05-25T03:00:00,14.7,14.7,2.846
2018-05-25T04:00:00,13.6,13.6,7.991
2018-05-25T05:00:00,13.9,13.9,3.408
2018-05-25T06:00:00,13.6,13.6,0.507
2018-05-25T07:00:00,12.8,12.8,7.294
2018-05-25T08:00:00,12.6,12.6,3.934
2018-05-25T09:00:00,12.2,12.2,4.834
2018-05-25T10:00:00,12.2,12.2,1.478
2018-05-25T11:00:00,13.1,13.1,1.645
2018-05-25T12:00:00,13.2,13.2,0.031
2018-05-25T13:00:00,13.2,13.2,0.015
2018-05-25T14:00:00,13.7,13.7,0.032
2018-05-25T15:00:00,16.6,16.6,0.011
2018-05-25T16:00:00,16.8,16.8,0.011
2018-05-25T17:00:00,19.4,19.4,0
2018-05-25T18:00:00,19.2,19.2,0.004
2018-05-25T19:00:00,17.6,17.6,0
2018-05-25T20:00:00,15.6,15.6,0
2018-05-25T21:00:00,13.2,13.2,9.479
2018-05-25T22:00:00,13.1,13.1,0.197
2018-05-25T23:00:00,12.8,12.8,1.704
2018-05-26T00:00:00,12.1,12.1,0.004
2018-05-26T01:00:00,12,12,0.195
2018-05-26T02:00:00,11.6,11.6,0
2018-05-26T03:00:00,11.6,11.6,0
2018-05-26T04:00:00,11.5,11.5,0.004
2018-05-26T05:00:00,11.8,11.8,0
2018-05-26T06:00:00,11.6,11.6,0.004
2018-05-26T07:00:00,11.6,11.6,0.004
2018-05-26T08:00:00,11.7,11.7,0.005
2018-05-26T09:00:00,12.6,12.6,0
2018-05-26T10:00:00,13.7,13.7,0.004
2018-05-26T11:00:00,16.3,16.3,0
2018-05-26T12:00:00,16.2,16.2,0.004
2018-05-26T13:00:00,17.7,17.7,0.008
2018-05-26T14:00:00,19.7,19.7,0
2018-05-26T15:00:00,19.6,19.6,0.004
2018-05-26T16:00:00,21.2,21.2,0.004
2018-05-26T17:00:00,21,21,0
2018-05-26T18:00:00,20.2,20.2,0.004
2018-05-26T19:00:00,20.6,20.6,0
2018-05-26T20:00:00,19.7,19.7,0
2018-05-26T21:00:00,18.7,18.7,0
2018-05-26T22:00:00,17.1,17.1,0
2018-05-26T23:00:00,16.3,16.3,0
2018-05-27T00:00:00,15.6,15.6,0
2018-05-27T01:00:00,15.1,15.1,0
2018-05-27T02:00:00,14.5,14.5,0
2018-05-27T03:00:00,14.5,14.5,0
2018-05-27T04:00:00,14.4,14.4,0
2018-05-27T05:00:00,11.4,11.4,0
2018-05-27T06:00:00,12.5,12.5,0
2018-05-27T07:00:00,12.9,12.9,0
2018-05-27T08:00:00,13.1,13.1,0
2018-05-27T09:00:00,14.6,14.6,0
2018-05-27T10:00:00,15.8,15.8,0
2018-05-27T11:00:00,18.7,18.7,0
2018-05-27T12:00:00,21.1,21.1,0
2018-05-27T13:00:00,22.2,22.2,0
2018-05-27T14:00:00,23.2,23.2,0
2018-05-27T15:00:00,23.2,23.2,0
2018-05-27T16:00:00,24.6,24.6,0
2018-05-27T17:00:00,24.8,24.8,0
2018-05-27T18:00:00,24.1,24.1,0
2018-05-27T19:00:00,22.2,22.2,0.001
2018-05-27T20:00:00,20.6,20.6,0
2018-05-27T21:00:00,18.6,18.6,0
2018-05-27T22:00:00,18,18,0.001
2018-05-27T23:00:00,16.2,16.2,0
2018-05-28T00:00:00,15.7,15.7,0.005
2018-05-28T01:00:00,15.2,15.2,0
2018-05-28T02:00:00,15.6,15.6,0.007
2018-05-28T03:00:00,14.6,14.6,0
2018-05-28T04:00:00,14.6,14.6,0
2018-05-28T05:00:00,14.6,14.6,0
2018-05-28T06:00:00,14.6,14.6,0.387
2018-05-28T07:00:00,14.1,14.1,1.714
2018-05-28T08:00:00,13.7,13.7,0.001
2018-05-28T09:00:00,14.1,14.1,0.008
2018-05-28T10:00:00,14.2,14.2,0.034
2018-05-28T11:00:00,15.1,15.1,1.175
2018-05-28T12:00:00,15.4,15.4,0.512
2018-05-28T13:00:00,16.2,16.2,0.027
2018-05-28T14:00:00,16.8,16.8,12.337
2018-05-28T15:00:00,17.7,17.7,0.758
2018-05-28T16:00:00,17.8,17.8,0.191
2018-05-28T17:00:00,19.3,19.3,0
2018-05-28T18:00:00,16.3,16.3,8.91
2018-05-28T19:00:00,15.7,15.7,3.602
2018-05-28T20:00:00,14.6,14.6,0.024
2018-05-28T21:00:00,14.7,14.7,0.569
2018-05-28T22:00:00,14.2,14.2,0.19
2018-05-28T23:00:00,14.4,14.4,0
2018-05-29T00:00:00,13.5,13.5,0
2018-05-29T01:00:00,13,13,0
2018-05-29T02:00:00,13,13,0
2018-05-29T03:00:00,13.1,13.1,0
2018-05-29T04:00:00,13.5,13.5,0
2018-05-29T05:00:00,13.5,13.5,0
2018-05-29T06:00:00,13.5,13.5,0
2018-05-29T07:00:00,13.5,13.5,0
2018-05-29T08:00:00,13.2,13.2,0.007
2018-05-29T09:00:00,14,14,0
2018-05-29T10:00:00,15.2,15.2,0
2018-05-29T11:00:00,17.3,17.3,0
2018-05-29T12:00:00,16.7,16.7,0
2018-05-29T13:00:00,19.6,19.6,0
2018-05-29T14:00:00,17,17,0
2018-05-29T15:00:00,16.2,16.2,0.073
2018-05-29T16:00:00,16,16,0
2018-05-29T17:00:00,15.2,15.2,0.235
2018-05-29T18:00:00,15,15,0.383
2018-05-29T19:00:00,13.7,13.7,1.157
2018-05-29T20:00:00,14.2,14.2,0.028
2018-05-29T21:00:00,14.2,14.2,0
2018-05-29T22:00:00,13.6,13.6,0
2018-05-29T23:00:00,13.1,13.1,0
2018-05-30T00:00:00,12.6,12.6,0
2018-05-30T01:00:00,13,13,0.001
2018-05-30T02:00:00,12.6,12.6,0
2018-05-30T03:00:00,12.1,12.1,0
2018-05-30T04:00:00,12.1,12.1,0
2018-05-30T05:00:00,12.5,12.5,0
2018-05-30T06:00:00,11.6,11.6,0
2018-05-30T07:00:00,11.2,11.2,0
2018-05-30T08:00:00,11.6,11.6,0
2018-05-30T09:00:00,12.2,12.2,0
2018-05-30T10:00:00,12.7,12.7,0
2018-05-30T11:00:00,14.4,14.4,0
2018-05-30T12:00:00,15.1,15.1,0.002
2018-05-30T13:00:00,15.2,15.2,0
2018-05-30T14:00:00,15.7,15.7,0.19
2018-05-30T15:00:00,15.8,15.8,0.19
2018-05-30T16:00:00,17.2,17.2,0.001
2018-05-30T17:00:00,17.6,17.6,0.164
2018-05-30T18:00:00,17.6,17.6,0
2018-05-30T19:00:00,18.1,18.1,0.001
2018-05-30T20:00:00,18.2,18.2,0.004
2018-05-30T21:00:00,17.1,17.1,0
2018-05-30T22:00:00,16.1,16.1,0
2018-05-30T23:00:00,15.7,15.7,0
2018-05-31T00:00:00,15.6,15.6,0.001
2018-05-31T01:00:00,14.6,14.6,0
2018-05-31T02:00:00,14.5,14.5,0
2018-05-31T03:00:00,14.1,14.1,0
2018-05-31T04:00:00,14.5,14.5,0
2018-05-31T05:00:00,14.5,14.5,0
2018-05-31T06:00:00,13.5,13.5,0
2018-05-31T07:00:00,12.7,12.7,0
2018-05-31T08:00:00,13,13,0
2018-05-31T09:00:00,13.2,13.2,0
2018-05-31T10:00:00,14.7,14.7,0
2018-05-31T11:00:00,18,18,0
2018-05-31T12:00:00,18.2,18.2,0
2018-05-31T13:00:00,20.2,20.2,0
2018-05-31T14:00:00,20.1,20.1,0
2018-05-31T15:00:00,20.8,20.8,0
2018-05-31T16:00:00,22.7,22.7,0
2018-05-31T17:00:00,22.7,22.7,0
2018-05-31T18:00:00,21.8,21.8,0
2018-05-31T19:00:00,21.2,21.2,0
2018-05-31T20:00:00,20.7,20.7,0
2018-05-31T21:00:00,19.7,19.7,0
2018-05-31T22:00:00,18.5,18.5,0
2018-05-31T23:00:00,18.7,18.7,0
2018-06-01T00:00:00,16.5,16.5,0
2018-06-01T01:00:00,15.5,15.5,0
2018-06-01T02:00:00,14.6,14.6,0
2018-06-01T03:00:00,14.1,14.1,0
2018-06-01T04:00:00,13.5,13.5,0
2018-06-01T05:00:00,12.7,12.7,0
2018-06-01T06:00:00,13.5,13.5,0
2018-06-01T07:00:00,13.1,13.1,0
2018-06-01T08:00:00,13.6,13.6,0
2018-06-01T09:00:00,15.2,15.2,0
2018-06-01T10:00:00,18.1,18.1,0
2018-06-01T11:00:00,19,19,0
2018-06-01T12:00:00,20.6,20.6,0
2018-06-01T13:00:00,21.5,21.5,0
2018-06-01T14:00:00,22,22,0
2018-06-01T15:00:00,22.7,22.7,0
2018-06-01T16:00:00,20.3,20.3,0.948
2018-06-01T17:00:00,23.2,23.2,0
2018-06-01T18:00:00,23.2,23.2,0
2018-06-01T19:00:00,23.3,23.3,0
2018-06-01T20:00:00,22.2,22.2,0
2018-06-01T21:00:00,20.7,20.7,0
2018-06-01T22:00:00,20,20,0
2018-06-01T23:00:00,17.3,17.3,0
2018-06-02T00:00:00,17,17,0
2018-06-02T01:00:00,15.6,15.6,0.736
2018-06-02T02:00:00,15,15,0.031
2018-06-02T03:00:00,14.6,14.6,0
2018-06-02T04:00:00,14.6,14.6,0
2018-06-02T05:00:00,13.7,13.7,0.088
2018-06-02T06:00:00,14.6,14.6,0
2018-06-02T07:00:00,14.5,14.5,0.19
2018-06-02T08:00:00,13.5,13.5,0.085
2018-06-02T09:00:00,13.5,13.5,0.41
2018-06-02T10:00:00,14.2,14.2,0.004
2018-06-02T11:00:00,16.2,16.2,0.94
2018-06-02T12:00:00,19.1,19.1,0
2018-06-02T13:00:00,19.7,19.7,0
2018-06-02T14:00:00,21.1,21.1,0.001
2018-06-02T15:00:00,22.5,22.5,0
2018-06-02T16:00:00,21.7,21.7,0
2018-06-02T17:00:00,22.6,22.6,0
2018-06-02T18:00:00,20.7,20.7,0.569
2018-06-02T19:00:00,16.6,16.6,0.187
2018-06-02T20:00:00,16.6,16.6,0.013
2018-06-02T21:00:00,14.1,14.1,3.073
2018-06-02T22:00:00,13.5,13.5,3.552
2018-06-02T23:00:00,13.2,13.2,4.398
2018-06-03T00:00:00,13,13,0
2018-06-03T01:00:00,13,13,0
2018-06-03T02:00:00,12.6,12.6,0
2018-06-03T03:00:00,12.6,12.6,0
2018-06-03T04:00:00,12.5,12.5,0
2018-06-03T05:00:00,11.6,11.6,0
2018-06-03T06:00:00,12,12,0.004
2018-06-03T07:00:00,11.6,11.6,0
2018-06-03T08:00:00,12.5,12.5,0.072
2018-06-03T09:00:00,13.6,13.6,0
2018-06-03T10:00:00,14.7,14.7,0
2018-06-03T11:00:00,18,18,0
2018-06-03T12:00:00,17.8,17.8,0
2018-06-03T13:00:00,20.7,20.7,0
2018-06-03T14:00:00,21.6,21.6,0
2018-06-03T15:00:00,23.2,23.2,0
2018-06-03T16:00:00,23.2,23.2,0
2018-06-03T17:00:00,23.3,23.3,0
2018-06-03T18:00:00,23.2,23.2,0.007
2018-06-03T19:00:00,22.7,22.7,0
2018-06-03T20:00:00,21.7,21.7,0
2018-06-03T21:00:00,20.5,20.5,0
2018-06-03T22:00:00,19.1,19.1,0
2018-06-03T23:00:00,19.3,19.3,0
2018-06-04T00:00:00,17.6,17.6,0
2018-06-04T01:00:00,16.6,16.6,0
2018-06-04T02:00:00,16,16,0
2018-06-04T03:00:00,15.1,15.1,0
2018-06-04T04:00:00,14.5,14.5,0
2018-06-04T05:00:00,13.6,13.6,0
2018-06-04T06:00:00,13.1,13.1,0
2018-06-04T07:00:00,12.5,12.5,0
2018-06-04T08:00:00,12.1,12.1,0
2018-06-04T09:00:00,13.2,13.2,0
2018-06-04T10:00:00,14.7,14.7,0
2018-06-04T11:00:00,15.7,15.7,0
2018-06-04T12:00:00,15.6,15.6,0
2018-06-04T13:00:00,16.2,16.2,0
2018-06-04T14:00:00,17.7,17.7,0
2018-06-04T15:00:00,19.5,19.5,0
2018-06-04T16:00:00,19.5,19.5,0
2018-06-04T17:00:00,19.2,19.2,0
2018-06-04T18:00:00,18.6,18.6,0
2018-06-04T19:00:00,18.1,18.1,0
2018-06-04T20:00:00,17.7,17.7,0
2018-06-04T21:00:00,16.7,16.7,0
2018-06-04T22:00:00,16.1,16.1,0
2018-06-04T23:00:00,16.3,16.3,0.157
2018-06-05T00:00:00,15,15,0
2018-06-05T01:00:00,14.5,14.5,0
2018-06-05T02:00:00,13.6,13.6,0
2018-06-05T03:00:00,13.5,13.5,0
2018-06-05T04:00:00,13,13,0
2018-06-05T05:00:00,13.9,13.9,0
2018-06-05T06:00:00,12,12,0
2018-06-05T07:00:00,12,12,0
2018-06-05T08:00:00,12,12,0
2018-06-05T09:00:00,12.6,12.6,0
2018-06-05T10:00:00,13.8,13.8,0
2018-06-05T11:00:00,16,16,0
2018-06-05T12:00:00,15.7,15.7,0
2018-06-05T13:00:00,16.2,16.2,0
2018-06-05T14:00:00,17.6,17.6,0
2018-06-05T15:00:00,18.2,18.2,0
2018-06-05T16:00:00,18.1,18.1,0
2018-06-05T17:00:00,18.1,18.1,0
2018-06-05T18:00:00,18.2,18.2,0
2018-06-05T19:00:00,17.6,17.6,0
2018-06-05T20:00:00,16.1,16.1,0
2018-06-05T21:00:00,15.6,15.6,0
2018-06-05T22:00:00,15.1,15.1,0
2018-06-05T23:00:00,14.4,14.4,0
2018-06-06T00:00:00,14.6,14.6,0
2018-06-06T01:00:00,13.5,13.5,0.387
2018-06-06T02:00:00,12.2,12.2,0.003
2018-06-06T03:00:00,11.7,11.7,0.964
2018-06-06T04:00:00,11.6,11.6,0.785
2018-06-06T05:00:00,12.3,12.3,0.511
2018-06-06T06:00:00,11.2,11.2,0.39
2018-06-06T07:00:00,11,11,0.573
2018-06-06T08:00:00,10.2,10.2,0.003
2018-06-06T09:00:00,10.7,10.7,0
2018-06-06T10:00:00,11.7,11.7,0.012
2018-06-06T11:00:00,13,13,0.235
2018-06-06T12:00:00,13.6,13.6,0.963
2018-06-06T13:00:00,16.1,16.1,0
2018-06-06T14:00:00,18.1,18.1,4.171
2018-06-06T15:00:00,17.5,17.5,0.001
2018-06-06T16:00:00,15.6,15.6,0.383
2018-06-06T17:00:00,18.7,18.7,0
2018-06-06T18:00:00,18.6,18.6,0
2018-06-06T19:00:00,18.8,18.8,0
2018-06-06T20:00:00,18.7,18.7,0.123
2018-06-06T21:00:00,17.2,17.2,0
2018-06-06T22:00:00,16.6,16.6,0
2018-06-06T23:00:00,15.8,15.8,0
2018-06-07T00:00:00,15.1,15.1,0
2018-06-07T01:00:00,14,14,0
2018-06-07T02:00:00,14,14,0
2018-06-07T03:00:00,13.5,13.5,0
2018-06-07T04:00:00,12.1,12.1,0
2018-06-07T05:00:00,11.2,11.2,0
2018-06-07T06:00:00,12.1,12.1,0
2018-06-07T07:00:00,11.6,11.6,0
2018-06-07T08:00:00,12.5,12.5,0
2018-06-07T09:00:00,15,15,0
2018-06-07T10:00:00,16.6,16.6,0
2018-06-07T11:00:00,18.9,18.9,0
2018-06-07T12:00:00,20.6,20.6,0
2018-06-07T13:00:00,22.1,22.1,0
2018-06-07T14:00:00,23.1,23.1,0
2018-06-07T15:00:00,22.2,22.2,0
2018-06-07T16:00:00,23.2,23.2,0
2018-06-07T17:00:00,22.2,22.2,0
2018-06-07T18:00:00,21.7,21.7,0
2018-06-07T19:00:00,21.1,21.1,0
2018-06-07T20:00:00,20.2,20.2,0
2018-06-07T21:00:00,19.5,19.5,0
2018-06-07T22:00:00,18.6,18.6,0
2018-06-07T23:00:00,19.3,19.3,0
2018-06-08T00:00:00,17.6,17.6,0
2018-06-08T01:00:00,17.1,17.1,0
2018-06-08T02:00:00,17,17,0
2018-06-08T03:00:00,16.6,16.6,0
2018-06-08T04:00:00,16.5,16.5,0
2018-06-08T05:00:00,15.7,15.7,0
2018-06-08T06:00:00,15.6,15.6,0
2018-06-08T07:00:00,14.6,14.6,2.681
2018-06-08T08:00:00,14.6,14.6,0.004
2018-06-08T09:00:00,14.6,14.6,1.71
2018-06-08T10:00:00,14.6,14.6,1.559
2018-06-08T11:00:00,15.3,15.3,0.47
2018-06-08T12:00:00,16.1,16.1,0
2018-06-08T13:00:00,16.7,16.7,0.956
2018-06-08T14:00:00,15.2,15.2,0.024
2018-06-08T15:00:00,16.1,16.1,0
2018-06-08T16:00:00,17.1,17.1,0.015
2018-06-08T17:00:00,18,18,0.47
2018-06-08T18:00:00,18.1,18.1,0
2018-06-08T19:00:00,18.1,18.1,0
2018-06-08T20:00:00,16.5,16.5,0.015
2018-06-08T21:00:00,15.6,15.6,0.065
2018-06-08T22:00:00,15.1,15.1,0.008
2018-06-08T23:00:00,15.4,15.4,0.341
2018-06-09T00:00:00,15.5,15.5,0
2018-06-09T01:00:00,15,15,0
2018-06-09T02:00:00,14.5,14.5,0
2018-06-09T03:00:00,13.6,13.6,0
2018-06-09T04:00:00,13.1,13.1,0
2018-06-09T05:00:00,12.1,12.1,0
2018-06-09T06:00:00,12.5,12.5,0
2018-06-09T07:00:00,11.6,11.6,0
2018-06-09T08:00:00,12.1,12.1,0.002
2018-06-09T09:00:00,13.7,13.7,0
2018-06-09T10:00:00,15.5,15.5,0
2018-06-09T11:00:00,17.4,17.4,0
2018-06-09T12:00:00,17.6,17.6,0
2018-06-09T13:00:00,19.1,19.1,0
2018-06-09T14:00:00,20.6,20.6,0
2018-06-09T15:00:00,20,20,0
2018-06-09T16:00:00,19.6,19.6,0
2018-06-09T17:00:00,17.7,17.7,0
2018-06-09T18:00:00,17.7,17.7,0
2018-06-09T19:00:00,17.7,17.7,0
2018-06-09T20:00:00,17,17,0
2018-06-09T21:00:00,16,16,0
2018-06-09T22:00:00,15.1,15.1,0
2018-06-09T23:00:00,14.6,14.6,0
2018-06-10T00:00:00,13.1,13.1,0
2018-06-10T01:00:00,13,13,0
2018-06-10T02:00:00,12.5,12.5,0
2018-06-10T03:00:00,12,12,0
2018-06-10T04:00:00,11.6,11.6,0
2018-06-10T05:00:00,10.5,10.5,0
2018-06-10T06:00:00,11.4,11.4,0
2018-06-10T07:00:00,12,12,0
2018-06-10T08:00:00,12.6,12.6,0.001
2018-06-10T09:00:00,12.6,12.6,0
2018-06-10T10:00:00,14.1,14.1,0
2018-06-10T11:00:00,16.5,16.5,0
2018-06-10T12:00:00,15.7,15.7,0
2018-06-10T13:00:00,17.1,17.1,0
2018-06-10T14:00:00,18.1,18.1,0
2018-06-10T15:00:00,18.1,18.1,0
2018-06-10T16:00:00,17.7,17.7,0
2018-06-10T17:00:00,18.9,18.9,0.047
2018-06-10T18:00:00,18.6,18.6,0
2018-06-10T19:00:00,18.7,18.7,0
2018-06-10T20:00:00,18.2,18.2,0
2018-06-10T21:00:00,17.1,17.1,0.002
2018-06-10T22:00:00,16.1,16.1,0
2018-06-10T23:00:00,16.8,16.8,0
